{"cameraMode":{"drawMode":0,"name":"Shaded","section":"Shading Mode"},"sceneLighting":false,"audioPlay":false,"sceneViewState":{"m_AlwaysRefresh":false,"showFog":true,"showSkybox":true,"showFlares":true,"showImageEffects":true,"showParticleSystems":true,"showVisualEffectGraphs":true,"m_FxEnabled":true},"in2DMode":false,"pivot":{"x":-0.08122479915618897,"y":1.043341875076294,"z":-8.734183311462403},"rotation":{"x":0.09069801867008209,"y":-0.26382341980934145,"z":0.024930041283369066,"w":0.9599839448928833},"size":0.43949955701828005,"orthographic":true}