{"cameraMode":{"drawMode":0,"name":"Shaded","section":"Shading Mode"},"sceneLighting":false,"audioPlay":false,"sceneViewState":{"m_AlwaysRefresh":false,"showFog":true,"showSkybox":true,"showFlares":true,"showImageEffects":true,"showParticleSystems":true,"showVisualEffectGraphs":true,"m_FxEnabled":true},"in2DMode":false,"pivot":{"x":-0.014985509216785431,"y":0.8838093280792236,"z":-8.466779708862305},"rotation":{"x":-0.020069770514965059,"y":-0.04977673292160034,"z":-0.0009086538921110332,"w":0.9986085891723633},"size":0.5692299604415894,"orthographic":true}