{"cameraMode":{"drawMode":0,"name":"Shaded","section":"Shading Mode"},"sceneLighting":false,"audioPlay":false,"sceneViewState":{"m_AlwaysRefresh":false,"showFog":true,"showSkybox":true,"showFlares":true,"showImageEffects":true,"showParticleSystems":true,"showVisualEffectGraphs":true,"m_FxEnabled":true},"in2DMode":false,"pivot":{"x":277.735107421875,"y":194.8716583251953,"z":-28.077054977416993},"rotation":{"x":-0.002090606139972806,"y":-0.003303769277408719,"z":0.000080394274846185,"w":1.000038504600525},"size":244.19190979003907,"orthographic":false}