{"cameraMode":{"drawMode":0,"name":"Shaded","section":"Shading Mode"},"sceneLighting":false,"audioPlay":false,"sceneViewState":{"m_AlwaysRefresh":false,"showFog":true,"showSkybox":true,"showFlares":true,"showImageEffects":true,"showParticleSystems":true,"showVisualEffectGraphs":true,"m_FxEnabled":true},"in2DMode":false,"pivot":{"x":510.29693603515627,"y":276.17266845703127,"z":478.7327880859375},"rotation":{"x":0.025195233523845674,"y":0.015294982120394707,"z":-0.0003755579236894846,"w":0.9995816946029663},"size":593.4006958007813,"orthographic":false}