{"cameraMode":{"drawMode":0,"name":"Shaded","section":"Shading Mode"},"sceneLighting":false,"audioPlay":false,"sceneViewState":{"m_AlwaysRefresh":false,"showFog":true,"showSkybox":true,"showFlares":true,"showImageEffects":true,"showParticleSystems":true,"showVisualEffectGraphs":true,"m_FxEnabled":true},"in2DMode":false,"pivot":{"x":-0.5407270193099976,"y":0.31453263759613039,"z":-5.178556442260742},"rotation":{"x":-0.09658782184123993,"y":0.05908387526869774,"z":-0.005746510811150074,"w":-0.9935601353645325},"size":2.0499227046966554,"orthographic":false}