{"cameraMode":{"drawMode":0,"name":"Shaded","section":"Shading Mode"},"sceneLighting":false,"audioPlay":false,"sceneViewState":{"m_AlwaysRefresh":false,"showFog":true,"showSkybox":true,"showFlares":true,"showImageEffects":true,"showParticleSystems":true,"showVisualEffectGraphs":true,"m_FxEnabled":true},"in2DMode":false,"pivot":{"x":347.87664794921877,"y":175.7892608642578,"z":-176.06190490722657},"rotation":{"x":0.034188318997621539,"y":0.018288832157850267,"z":-0.000619740632828325,"w":0.9992581009864807},"size":123.4747543334961,"orthographic":false}