{"cameraMode":{"drawMode":0,"name":"Shaded","section":"Shading Mode"},"sceneLighting":false,"audioPlay":false,"sceneViewState":{"m_AlwaysRefresh":false,"showFog":true,"showSkybox":true,"showFlares":true,"showImageEffects":true,"showParticleSystems":true,"showVisualEffectGraphs":true,"m_FxEnabled":true},"in2DMode":false,"pivot":{"x":-0.49481382966041567,"y":-0.04164201021194458,"z":-9.067644119262696},"rotation":{"x":0.11750450730323792,"y":0.04884893074631691,"z":-0.005693813785910606,"w":0.9919037222862244},"size":2.419529914855957,"orthographic":false}