{"cameraMode":{"drawMode":0,"name":"Shaded","section":"Shading Mode"},"sceneLighting":false,"audioPlay":false,"sceneViewState":{"m_AlwaysRefresh":false,"showFog":true,"showSkybox":true,"showFlares":true,"showImageEffects":true,"showParticleSystems":true,"showVisualEffectGraphs":true,"m_FxEnabled":true},"in2DMode":false,"pivot":{"x":454.9367370605469,"y":170.39630126953126,"z":65.68914031982422},"rotation":{"x":0.03507506847381592,"y":-0.1333240121603012,"z":0.004815232940018177,"w":0.9904906749725342},"size":355.3738708496094,"orthographic":true}